{"bias": -3032.7837721661426, "w_room_number": 492691.9393930618, "w_square_footage": 11987.997700341248, "w_floor": 302018.4500720341, "w_elevator": 41374.762193122784, "w_balcony": -2352.6616394689304, "w_registered": -6017.622844565532, "w_distance": -65435.697713048816}